"Instance_ID","County","Cases","Deaths"
2,"Cobb",15,NA
2,"Fulton",13,NA
2,"Dekalb",8,NA
2,"Bartow",7,NA
2,"Cherokee",5,NA
2,"Fayette",4,NA
2,"Floyd",3,NA
2,"Coweta",2,NA
2,"Gordon",2,NA
2,"Gwinnett",2,NA
2,"Lee",1,NA
2,"Henry",1,NA
2,"Lowndes",1,NA
2,"Polk",1,NA
2,"Charlton",1,NA
3,"Fulton",20,NA
3,"Cobb",19,NA
3,"Dekalb",10,NA
3,"Bartow",9,NA
3,"Dougherty",6,NA
3,"Cherokee",6,NA
3,"Fayette",5,NA
3,"Floyd",4,NA
3,"Gwinnett",4,NA
3,"Coweta",2,NA
3,"Gordon",2,NA
3,"Lee",2,NA
3,"Lowndes",2,NA
3,"Clayton",2,NA
3,"Clarke",2,NA
3,"Newton",1,NA
3,"Henry",1,NA
3,"Polk",1,NA
3,"Charlton",1,NA
4,"Fulton",27,NA
4,"Cobb",22,NA
4,"Dekalb",10,NA
4,"Bartow",9,NA
4,"Cherokee",7,NA
4,"Dougherty",6,NA
4,"Fayette",5,NA
4,"Clayton",5,NA
4,"Gwinnett",5,NA
4,"Floyd",4,NA
4,"Clarke",3,NA
4,"Lowndes",3,NA
4,"Gordon ",2,NA
4,"Coweta ",2,NA
4,"Lee",2,NA
4,"Henry ",2,NA
4,"Troup",1,NA
4,"Hall",1,NA
4,"Polk",1,NA
4,"Paulding",1,NA
4,"Charlton",1,NA
4,"Newton",1,NA
4,"Forsyth",1,NA
5,"Fulton",33,NA
5,"Cobb",25,NA
5,"Dekalb",15,NA
5,"Bartow",10,NA
5,"Gwinnett",7,NA
5,"Cherokee",7,NA
5,"Floyd",6,NA
5,"Dougherty",6,NA
5,"Fayette",5,NA
5,"Clayton",4,NA
5,"Lowndes",4,NA
5,"Clarke",3,NA
5,"Coweta",3,NA
5,"Gordon",2,NA
5,"Troup",2,NA
5,"Lee",2,NA
5,"Henry",2,NA
5,"Forsyth",1,NA
5,"Polk",1,NA
5,"Hall",1,NA
5,"Barrow ",1,NA
5,"Charlton",1,NA
5,"Columbia",1,NA
5,"Rockdale",1,NA
5,"Newton",1,NA
5,"Paulding",1,NA
5,"Richmond",1,NA
6,"Fulton",49,NA
6,"Cobb",28,NA
6,"Bartow ",19,NA
6,"DeKalb",18,NA
6,"Cherokee",9,NA
6,"Fayette",8,NA
6,"Gwinnett",7,NA
6,"Dougherty",7,NA
6,"Clayton",6,NA
6,"Floyd",6,NA
6,"Lowndes",5,NA
6,"Clarke",5,NA
6,"Gordon",3,NA
6,"Newton",3,NA
6,"Hall",3,NA
6,"Coweta",3,NA
6,"Paulding",3,NA
6,"Troup",2,NA
6,"Henry",2,NA
6,"Lee",2,NA
6,"Forsyth",2,NA
6,"Columbia",1,NA
6,"Houston",1,NA
6,"Richmond",1,NA
6,"Whitfield",1,NA
6,"Polk",1,NA
6,"Charlton",1,NA
6,"Barrow",1,NA
7,"Fulton",66,NA
7,"Cobb",37,NA
7,"Bartow ",26,NA
7,"DeKalb",22,NA
7,"Dougherty",20,NA
7,"Cherokee",16,NA
7,"Gwinnett",12,NA
7,"Fayette",9,NA
7,"Clarke",8,NA
7,"Lowndes",6,NA
7,"Floyd",6,NA
7,"Clayton",6,NA
7,"Unknown",6,NA
7,"Hall",5,NA
7,"Gordon",4,NA
7,"Lee",3,NA
7,"Coweta",3,NA
7,"Paulding",3,NA
7,"Newton",3,NA
7,"Forsyth",3,NA
7,"Henry",3,NA
7,"Early",2,NA
7,"Glynn",2,NA
7,"Laurens",2,NA
7,"Richmond",2,NA
7,"Troup",2,NA
7,"Rockdale",1,NA
7,"Houston",1,NA
7,"Charlton",1,NA
7,"Whitfield",1,NA
7,"Polk",1,NA
7,"Columbia",1,NA
7,"Barrow",1,NA
7,"Bibb",1,NA
7,"Peach",1,NA
7,"Muscogee",1,NA
8,"Fulton",79,NA
8,"Cobb",45,NA
8,"Bartow ",40,NA
8,"Dougherty",38,NA
8,"DeKalb",35,NA
8,"Unknown",24,NA
8,"Gwinnett",20,NA
8,"Cherokee",13,NA
8,"Fayette",10,NA
8,"Clarke",9,NA
8,"Clayton",9,NA
8,"Lee",8,NA
8,"Richmond",7,NA
8,"Carroll",7,NA
8,"Lowndes",6,NA
8,"Henry",6,NA
8,"Floyd",6,NA
8,"Hall",5,NA
8,"Coweta",5,NA
8,"Newton",4,NA
8,"Paulding",3,NA
8,"Gordon",3,NA
8,"Forsyth",3,NA
8,"Troup",2,NA
8,"Terrell",2,NA
8,"Glynn",2,NA
8,"Worth",2,NA
8,"Polk",2,NA
8,"Laurens",2,NA
8,"Early",2,NA
8,"Heard",1,NA
8,"Oconee",1,NA
8,"Turner",1,NA
8,"Bibb",1,NA
8,"Monroe",1,NA
8,"Randolph",1,NA
8,"Houston",1,NA
8,"Rockdale",1,NA
8,"Douglas",1,NA
8,"Dawson",1,NA
8,"Muscogee",1,NA
8,"Charlton",1,NA
8,"Peach",1,NA
8,"Spalding",1,NA
8,"Barrow",1,NA
8,"Effingham",1,NA
8,"Miller",1,NA
8,"Whitfield",1,NA
8,"Chatham",1,NA
8,"Columbia",1,NA
8,"Tift",1,NA
9,"Fulton",88,NA
9,"Bartow",54,NA
9,"Cobb",47,NA
9,"Dougherty",44,NA
9,"DeKalb",36,NA
9,"Unknown",31,NA
9,"Gwinnett",23,NA
9,"Cherokee",16,NA
9,"Lee",13,NA
9,"Clarke",10,NA
9,"Clayton",10,NA
9,"Fayette",9,NA
9,"Richmond",8,NA
9,"Carroll",7,NA
9,"Floyd",7,NA
9,"Lowndes",7,NA
9,"Coweta",6,NA
9,"Hall",6,NA
9,"Henry",6,NA
9,"Newton",4,NA
9,"Forsyth",3,NA
9,"Gordon",3,NA
9,"Paulding",3,NA
9,"Polk",3,NA
9,"Chatham",2,NA
9,"Early",2,NA
9,"Glynn",2,NA
9,"Houston",2,NA
9,"Laurens",2,NA
9,"Pickens",2,NA
9,"Spalding",2,NA
9,"Sumter",2,NA
9,"Terrell",2,NA
9,"Troup",2,NA
9,"Worth",2,NA
9,"Barrow",1,NA
9,"Bibb",1,NA
9,"Charlton",1,NA
9,"Columbia",1,NA
9,"Dawson",1,NA
9,"Douglas",1,NA
9,"Effingham",1,NA
9,"Heard",1,NA
9,"Lamar",1,NA
9,"Miller",1,NA
9,"Monroe",1,NA
9,"Muscogee",1,NA
9,"Oconee",1,NA
9,"Peach",1,NA
9,"Randolph",1,NA
9,"Rockdale",1,NA
9,"Tift",1,NA
9,"Turner",1,NA
9,"Whitfield",1,NA
10,"Fulton",92,NA
10,"Bartow",56,NA
10,"Cobb",49,NA
10,"Dougherty",46,NA
10,"DeKalb",37,NA
10,"Unknown",31,NA
10,"Gwinnett",23,NA
10,"Cherokee",17,NA
10,"Lee",14,NA
10,"Clayton",11,NA
10,"Clarke",10,NA
10,"Fayette",9,NA
10,"Richmond",9,NA
10,"Floyd",8,NA
10,"Carroll",7,NA
10,"Coweta",7,NA
10,"Lowndes",7,NA
10,"Hall",6,NA
10,"Henry",6,NA
10,"Newton",4,NA
10,"Forsyth",3,NA
10,"Gordon",3,NA
10,"Paulding",3,NA
10,"Polk",3,NA
10,"Troup",3,NA
10,"Baldwin",2,NA
10,"Chatham",2,NA
10,"Columbia",2,NA
10,"Early",2,NA
10,"Glynn",2,NA
10,"Laurens",2,NA
10,"Peach",2,NA
10,"Pickens",2,NA
10,"Spalding",2,NA
10,"Sumter",2,NA
10,"Terrell",2,NA
10,"Worth",2,NA
10,"Barrow",1,NA
10,"Bibb",1,NA
10,"Charlton",1,NA
10,"Dawson",1,NA
10,"Douglas",1,NA
10,"Effingham",1,NA
10,"Heard",1,NA
10,"Houston",1,NA
10,"Lamar",1,NA
10,"Lincoln",1,NA
10,"Miller",1,NA
10,"Monroe",1,NA
10,"Muscogee",1,NA
10,"Oconee",1,NA
10,"Randolph",1,NA
10,"Rockdale",1,NA
10,"Tift",1,NA
10,"Turner",1,NA
10,"Whitfield",1,NA
11,"Fulton",99,NA
11,"Bartow",56,NA
11,"Cobb",50,NA
11,"Dougherty",47,NA
11,"DeKalb",41,NA
11,"Unknown",37,NA
11,"Gwinnett",23,NA
11,"Cherokee",17,NA
11,"Carroll",14,NA
11,"Lee",14,NA
11,"Clayton",13,NA
11,"Richmond ",10,NA
11,"Clarke",9,NA
11,"Fayette",9,NA
11,"Hall",9,NA
11,"Coweta",8,NA
11,"Floyd",8,NA
11,"Henry",7,NA
11,"Lowndes",7,NA
11,"Chatham",4,NA
11,"Douglas",4,NA
11,"Forsyth",4,NA
11,"Gordon",4,NA
11,"Newton",4,NA
11,"Paulding",4,NA
11,"Polk",4,NA
11,"Troup",4,NA
11,"Columbia",3,NA
11,"Baldwin",2,NA
11,"Early",2,NA
11,"Glynn",2,NA
11,"Laurens",2,NA
11,"Muscogee",2,NA
11,"Peach",2,NA
11,"Pickens",2,NA
11,"Rockdale",2,NA
11,"Spalding",2,NA
11,"Sumter",2,NA
11,"Terrell",2,NA
11,"Tift",2,NA
11,"Worth",2,NA
11,"Barrow",1,NA
11,"Bibb",1,NA
11,"Charlton",1,NA
11,"Dawson",1,NA
11,"Effingham",1,NA
11,"Heard",1,NA
11,"Houston",1,NA
11,"Lamar",1,NA
11,"Lincoln",1,NA
11,"Lumpkin",1,NA
11,"Miller",1,NA
11,"Monroe",1,NA
11,"Oconee",1,NA
11,"Randolph",1,NA
11,"Turner",1,NA
11,"Whitfield",1,NA
12,"Fulton",108,NA
12,"Cobb",61,NA
12,"Bartow",57,NA
12,"Dougherty",48,NA
12,"DeKalb",45,NA
12,"Unknown",38,NA
12,"Gwinnett",27,NA
12,"Cherokee",18,NA
12,"Lee",16,NA
12,"Carroll",14,NA
12,"Clayton",13,NA
12,"Richmond",10,NA
12,"Clarke",9,NA
12,"Fayette",9,NA
12,"Floyd",9,NA
12,"Hall",9,NA
12,"Coweta",8,NA
12,"Lowndes",8,NA
12,"Henry",7,NA
12,"Chatham",4,NA
12,"Douglas",4,NA
12,"Forsyth",4,NA
12,"Gordon",4,NA
12,"Newton",4,NA
12,"Paulding",4,NA
12,"Polk",4,NA
12,"Troup",4,NA
12,"Columbia",3,NA
12,"Glynn",3,NA
12,"Lamar",3,NA
12,"Peach",3,NA
12,"Baldwin",2,NA
12,"Early",2,NA
12,"Effingham",2,NA
12,"Laurens",2,NA
12,"Muscogee",2,NA
12,"Pickens",2,NA
12,"Rockdale",2,NA
12,"Spalding",2,NA
12,"Sumter",2,NA
12,"Terrell",2,NA
12,"Tift",2,NA
12,"Whitfield",2,NA
12,"Worth",2,NA
12,"Barrow",1,NA
12,"Bibb",1,NA
12,"Butts",1,NA
12,"Charlton",1,NA
12,"Chattooga",1,NA
12,"Dawson",1,NA
12,"Heard",1,NA
12,"Houston",1,NA
12,"Lincoln",1,NA
12,"Lumpkin",1,NA
12,"Miller",1,NA
12,"Monroe",1,NA
12,"Oconee",1,NA
12,"Randolph",1,NA
12,"Turner",1,NA
12,"Twiggs",1,NA
13,"Fulton",111,NA
13,"Cobb",67,NA
13,"Bartow",56,NA
13,"DeKalb",53,NA
13,"Dougherty",52,NA
13,"Gwinnett",27,NA
13,"Unknown",27,NA
13,"Cherokee",18,NA
13,"Lee",16,NA
13,"Carroll",16,NA
13,"Clayton",13,NA
13,"Richmond",10,NA
13,"Clarke",10,NA
13,"Coweta",9,NA
13,"Fayette",9,NA
13,"Floyd",9,NA
13,"Hall",9,NA
13,"Lowndes",8,NA
13,"Henry",7,NA
13,"Forsyth",5,NA
13,"Chatham",4,NA
13,"Douglas",4,NA
13,"Glynn",4,NA
13,"Gordon",4,NA
13,"Newton",4,NA
13,"Paulding",4,NA
13,"Polk",4,NA
13,"Troup",4,NA
13,"Columbia",3,NA
13,"Lamar",3,NA
13,"Peach",3,NA
13,"Baldwin",2,NA
13,"Butts",2,NA
13,"Early",2,NA
13,"Effingham",2,NA
13,"Laurens",2,NA
13,"Muscogee",2,NA
13,"Oconee",2,NA
13,"Pickens",2,NA
13,"Rockdale",2,NA
13,"Spalding",2,NA
13,"Sumter",2,NA
13,"Terrell",2,NA
13,"Tift",2,NA
13,"Whitfield",2,NA
13,"Worth",2,NA
13,"Barrow",1,NA
13,"Bibb",1,NA
13,"Charlton",1,NA
13,"Chattooga",1,NA
13,"Clinch",1,NA
13,"Coffee",1,NA
13,"Dawson",1,NA
13,"Heard",1,NA
13,"Houston",1,NA
13,"Lincoln",1,NA
13,"Lumpkin",1,NA
13,"Miller",1,NA
13,"Monroe",1,NA
13,"Randolph",1,NA
13,"Tattnall",1,NA
13,"Turner",1,NA
13,"Twiggs",1,NA
14,"Fulton",145,NA
14,"Cobb",79,NA
14,"Dekalb",75,NA
14,"Dougherty",64,NA
14,"Bartow",61,NA
14,"Unknown",45,NA
14,"Gwinnett",34,NA
14,"Carroll",21,NA
14,"Cherokee",20,NA
14,"Clayton",18,NA
14,"Lee",16,NA
14,"Clarke",14,NA
14,"Richmond",11,NA
14,"Fayette",10,NA
14,"Floyd",10,NA
14,"Hall",10,NA
14,"Coweta",9,NA
14,"Henry",9,NA
14,"Lowndes",8,NA
14,"Douglas",7,NA
14,"Forsyth",7,NA
14,"Gordon",5,NA
14,"Paulding",5,NA
14,"Chatham",4,NA
14,"Glynn",4,NA
14,"Newton",4,NA
14,"Polk",4,NA
14,"Rockdale",4,NA
14,"Spalding",4,NA
14,"Troup",4,NA
14,"Columbia",3,NA
14,"Lamar",3,NA
14,"Oconee",3,NA
14,"Peach",3,NA
14,"Worth",3,NA
14,"Baldwin",2,NA
14,"Bibb",2,NA
14,"Butts",2,NA
14,"Early",2,NA
14,"Effingham",2,NA
14,"Laurens",2,NA
14,"Lumpkin",2,NA
14,"Muscogee",2,NA
14,"Pickens",2,NA
14,"Sumter",2,NA
14,"Terrell",2,NA
14,"Tift",2,NA
14,"Whitfield",2,NA
14,"Barrow",1,NA
14,"Catoosa",1,NA
14,"Charlton",1,NA
14,"Chattooga",1,NA
14,"Clinch",1,NA
14,"Coffee",1,NA
14,"Dawson",1,NA
14,"Heard",1,NA
14,"Houston",1,NA
14,"Lincoln",1,NA
14,"Madison",1,NA
14,"Miller",1,NA
14,"Monroe",1,NA
14,"Morgan",1,NA
14,"Pierce",1,NA
14,"Randolph",1,NA
14,"Tattnall",1,NA
14,"Turner",1,NA
14,"Twiggs",1,NA
14,"Washington",1,NA
15,"Fulton",152,NA
15,"Cobb",79,NA
15,"Dekalb",74,NA
15,"Dougherty",69,NA
15,"Bartow",61,NA
15,"Unknown",46,NA
15,"Gwinnett",35,NA
15,"Cherokee",24,NA
15,"Carroll",21,NA
15,"Clayton",19,NA
15,"Lee",19,NA
15,"Clarke",14,NA
15,"Fayette",11,NA
15,"Richmond",11,NA
15,"Floyd",10,NA
15,"Hall",10,NA
15,"Coweta",9,NA
15,"Henry",9,NA
15,"Lowndes",8,NA
15,"Douglas",7,NA
15,"Forsyth",7,NA
15,"Gordon",6,NA
15,"Paulding",5,NA
15,"Rockdale",5,NA
15,"Chatham",4,NA
15,"Glynn",4,NA
15,"Newton",4,NA
15,"Polk",4,NA
15,"Spalding",4,NA
15,"Troup",4,NA
15,"Columbia",3,NA
15,"Lamar",3,NA
15,"Oconee",3,NA
15,"Peach",3,NA
15,"Pickens",3,NA
15,"Worth",3,NA
15,"Baldwin",2,NA
15,"Bibb",2,NA
15,"Butts",2,NA
15,"Early",2,NA
15,"Effingham",2,NA
15,"Laurens",2,NA
15,"Lumpkin",2,NA
15,"Muscogee",2,NA
15,"Sumter",2,NA
15,"Terrell",2,NA
15,"Tift",2,NA
15,"Whitfield",2,NA
15,"Barrow",1,NA
15,"Burke",1,NA
15,"Catoosa",1,NA
15,"Charlton",1,NA
15,"Chattooga",1,NA
15,"Clinch",1,NA
15,"Coffee",1,NA
15,"Dawson",1,NA
15,"Harris",1,NA
15,"Heard",1,NA
15,"Houston",1,NA
15,"Liberty",1,NA
15,"Lincoln",1,NA
15,"Madison",1,NA
15,"Miller",1,NA
15,"Monroe",1,NA
15,"Morgan",1,NA
15,"Pierce",1,NA
15,"Randolph",1,NA
15,"Tattnall",1,NA
15,"Turner",1,NA
15,"Twiggs",1,NA
15,"Washington",1,NA
16,"Fulton",184,NA
16,"Dekalb",94,NA
16,"Dougherty",90,NA
16,"Cobb",86,NA
16,"Unknown",81,NA
16,"Bartow",75,NA
16,"Gwinnett",45,NA
16,"Cherokee",28,NA
16,"Carroll",26,NA
16,"Clayton",21,NA
16,"Lee",20,NA
16,"Clarke",16,NA
16,"Hall",14,NA
16,"Henry",13,NA
16,"Fayette",12,NA
16,"Douglas",11,NA
16,"Floyd",11,NA
16,"Richmond",11,NA
16,"Coweta",10,NA
16,"Lowndes",10,NA
16,"Forsyth",8,NA
16,"Polk",8,NA
16,"Chatham",7,NA
16,"Gordon",7,NA
16,"Rockdale",7,NA
16,"Paulding",6,NA
16,"Troup",6,NA
16,"Glynn",5,NA
16,"Laurens",5,NA
16,"Newton",5,NA
16,"Oconee",5,NA
16,"Spalding",5,NA
16,"Bibb",4,NA
16,"Columbia",4,NA
16,"Pickens",4,NA
16,"Worth",4,NA
16,"Crisp",3,NA
16,"Houston",3,NA
16,"Lamar",3,NA
16,"Lumpkin",3,NA
16,"Mitchell",3,NA
16,"Monroe",3,NA
16,"Muscogee",3,NA
16,"Peach",3,NA
16,"Terrell",3,NA
16,"Baker",2,NA
16,"Baldwin",2,NA
16,"Bryan",2,NA
16,"Butts",2,NA
16,"Coffee",2,NA
16,"Early",2,NA
16,"Effingham",2,NA
16,"Sumter",2,NA
16,"Tift",2,NA
16,"Whitfield",2,NA
16,"Barrow",1,NA
16,"Ben Hill",1,NA
16,"Burke",1,NA
16,"Camden",1,NA
16,"Catoosa",1,NA
16,"Charlton",1,NA
16,"Chattooga",1,NA
16,"Clinch",1,NA
16,"Colquitt",1,NA
16,"Dawson",1,NA
16,"Greene",1,NA
16,"Harris",1,NA
16,"Heard",1,NA
16,"Irwin",1,NA
16,"Jasper",1,NA
16,"Liberty",1,NA
16,"Lincoln",1,NA
16,"Macon",1,NA
16,"Madison",1,NA
16,"Meriwether",1,NA
16,"Miller",1,NA
16,"Morgan",1,NA
16,"Pierce",1,NA
16,"Pulaski",1,NA
16,"Randolph",1,NA
16,"Stephens",1,NA
16,"Tattnall",1,NA
16,"Turner",1,NA
16,"Twiggs",1,NA
16,"Walton",1,NA
16,"Washington",1,NA
17,"Fulton",191,NA
17,"Dekalb",107,NA
17,"Dougherty",101,NA
17,"Cobb",90,NA
17,"Unknown",79,NA
17,"Bartow",76,NA
17,"Gwinnett",46,NA
17,"Cherokee",30,NA
17,"Carroll",26,NA
17,"Lee",24,NA
17,"Clayton",21,NA
17,"Clarke",17,NA
17,"Hall",16,NA
17,"Henry",13,NA
17,"Douglas",12,NA
17,"Fayette",12,NA
17,"Floyd",12,NA
17,"Lowndes",11,NA
17,"Coweta",10,NA
17,"Richmond",10,NA
17,"Forsyth",8,NA
17,"Gordon",8,NA
17,"Polk",8,NA
17,"Rockdale",8,NA
17,"Chatham",7,NA
17,"Columbia",6,NA
17,"Laurens",6,NA
17,"Newton",6,NA
17,"Paulding",6,NA
17,"Troup",6,NA
17,"Early",5,NA
17,"Glynn",5,NA
17,"Houston",5,NA
17,"Oconee",5,NA
17,"Spalding",5,NA
17,"Bibb",4,NA
17,"Mitchell",4,NA
17,"Muscogee",4,NA
17,"Pickens",4,NA
17,"Sumter",4,NA
17,"Tift",4,NA
17,"Worth",4,NA
17,"Baker",3,NA
17,"Crisp",3,NA
17,"Effingham",3,NA
17,"Lamar",3,NA
17,"Lumpkin",3,NA
17,"Monroe",3,NA
17,"Peach",3,NA
17,"Terrell",3,NA
17,"Baldwin",2,NA
17,"Barrow",2,NA
17,"Bryan",2,NA
17,"Butts",2,NA
17,"Coffee",2,NA
17,"Seminole",2,NA
17,"Stephens",2,NA
17,"Whitfield",2,NA
17,"Ben Hill",1,NA
17,"Burke",1,NA
17,"Camden",1,NA
17,"Catoosa",1,NA
17,"Charlton",1,NA
17,"Chattooga",1,NA
17,"Clinch",1,NA
17,"Colquitt",1,NA
17,"Dawson",1,NA
17,"Fannin",1,NA
17,"Greene",1,NA
17,"Harris",1,NA
17,"Heard",1,NA
17,"Irwin",1,NA
17,"Jasper",1,NA
17,"Liberty",1,NA
17,"Lincoln",1,NA
17,"Macon",1,NA
17,"Madison",1,NA
17,"Meriwether",1,NA
17,"Miller",1,NA
17,"Morgan",1,NA
17,"Pierce",1,NA
17,"Pulaski",1,NA
17,"Randolph",1,NA
17,"Tattnall",1,NA
17,"Telfair",1,NA
17,"Turner",1,NA
17,"Twiggs",1,NA
17,"Walton",1,NA
17,"Washington",1,NA
18,"Fulton",198,NA
18,"Unknown",153,NA
18,"Dekalb",116,NA
18,"Dougherty",109,NA
18,"Cobb",101,NA
18,"Bartow",78,NA
18,"Gwinnett",48,NA
18,"Cherokee",31,NA
18,"Carroll",27,NA
18,"Lee",25,NA
18,"Clayton",22,NA
18,"Clarke",19,NA
18,"Hall",19,NA
18,"Douglas",17,NA
18,"Floyd",14,NA
18,"Fayette",12,NA
18,"Henry",12,NA
18,"Lowndes",11,NA
18,"Coweta",10,NA
18,"Richmond",10,NA
18,"Forsyth",9,NA
18,"Rockdale",9,NA
18,"Gordon",8,NA
18,"Polk",8,NA
18,"Chatham",7,NA
18,"Newton",7,NA
18,"Bibb",6,NA
18,"Columbia",6,NA
18,"Laurens",6,NA
18,"Paulding",6,NA
18,"Spalding",6,NA
18,"Troup",6,NA
18,"Early",5,NA
18,"Glynn",5,NA
18,"Houston",5,NA
18,"Oconee",5,NA
18,"Sumter",5,NA
18,"Tift",5,NA
18,"Mitchell",4,NA
18,"Peach",4,NA
18,"Pickens",4,NA
18,"Whitfield",4,NA
18,"Baker",3,NA
18,"Crisp",3,NA
18,"Effingham",3,NA
18,"Lamar",3,NA
18,"Lumpkin",3,NA
18,"Monroe",3,NA
18,"Muscogee",3,NA
18,"Terrell",3,NA
18,"Worth",3,NA
18,"Baldwin",2,NA
18,"Barrow",2,NA
18,"Bryan",2,NA
18,"Butts",2,NA
18,"Coffee",2,NA
18,"Greene",2,NA
18,"Irwin",2,NA
18,"Jasper",2,NA
18,"Miller",2,NA
18,"Seminole",2,NA
18,"Twiggs",2,NA
18,"Washington",2,NA
18,"Appling",1,NA
18,"Ben Hill",1,NA
18,"Burke",1,NA
18,"Camden",1,NA
18,"Catoosa",1,NA
18,"Charlton",1,NA
18,"Chattooga",1,NA
18,"Clinch",1,NA
18,"Colquitt",1,NA
18,"Dawson",1,NA
18,"Decatur",1,NA
18,"Dodge",1,NA
18,"Fannin",1,NA
18,"Harris",1,NA
18,"Heard",1,NA
18,"Jackson",1,NA
18,"Jones",1,NA
18,"Liberty",1,NA
18,"Lincoln",1,NA
18,"Macon",1,NA
18,"Madison",1,NA
18,"Meriwether",1,NA
18,"Morgan",1,NA
18,"Pierce",1,NA
18,"Pulaski",1,NA
18,"Randolph",1,NA
18,"Stephens",1,NA
18,"Tattnall",1,NA
18,"Taylor",1,NA
18,"Thomas",1,NA
18,"Turner",1,NA
18,"Walton",1,NA
18,"White",1,NA
18,"Wilkes",1,NA
19,"Fulton",204,NA
19,"Unknown",160,NA
19,"Dekalb",125,NA
19,"Dougherty",123,NA
19,"Cobb",109,NA
19,"Bartow",82,NA
19,"Gwinnett",69,NA
19,"Carroll",50,NA
19,"Cherokee",36,NA
19,"Clayton",29,NA
19,"Lee",25,NA
19,"Clarke",21,NA
19,"Henry",20,NA
19,"Hall",19,NA
19,"Douglas",18,NA
19,"Floyd",14,NA
19,"Fayette",12,NA
19,"Lowndes",12,NA
19,"Columbia",10,NA
19,"Coweta",10,NA
19,"Forsyth",10,NA
19,"Richmond",10,NA
19,"Rockdale",10,NA
19,"Spalding",10,NA
19,"Gordon",9,NA
19,"Polk",9,NA
19,"Newton",8,NA
19,"Chatham",7,NA
19,"Laurens",7,NA
19,"Troup",7,NA
19,"Bibb",6,NA
19,"Early",6,NA
19,"Houston",6,NA
19,"Oconee",6,NA
19,"Paulding",6,NA
19,"Glynn",5,NA
19,"Peach",5,NA
19,"Sumter",5,NA
19,"Tift",5,NA
19,"Mitchell",4,NA
19,"Muscogee",4,NA
19,"Pickens",4,NA
19,"Terrell",4,NA
19,"Whitfield",4,NA
19,"Baker",3,NA
19,"Bryan",3,NA
19,"Butts",3,NA
19,"Crisp",3,NA
19,"Effingham",3,NA
19,"Lamar",3,NA
19,"Lumpkin",3,NA
19,"Monroe",3,NA
19,"Worth",3,NA
19,"Baldwin",2,NA
19,"Barrow",2,NA
19,"Coffee",2,NA
19,"Colquitt",2,NA
19,"Irwin",2,NA
19,"Jasper",2,NA
19,"Madison",2,NA
19,"Miller",2,NA
19,"Seminole",2,NA
19,"Twiggs",2,NA
19,"Washington",2,NA
19,"Ben Hill",1,NA
19,"Burke",1,NA
19,"Camden",1,NA
19,"Catoosa",1,NA
19,"Charlton",1,NA
19,"Chattooga",1,NA
19,"Clinch",1,NA
19,"Dawson",1,NA
19,"Decatur",1,NA
19,"Dodge",1,NA
19,"Fannin",1,NA
19,"Greene",1,NA
19,"Harris",1,NA
19,"Heard",1,NA
19,"Jackson",1,NA
19,"Jones",1,NA
19,"Liberty",1,NA
19,"Lincoln",1,NA
19,"Long",1,NA
19,"Macon",1,NA
19,"Meriwether",1,NA
19,"Morgan",1,NA
19,"Pierce",1,NA
19,"Pulaski",1,NA
19,"Randolph",1,NA
19,"Stephens",1,NA
19,"Tattnall",1,NA
19,"Taylor",1,NA
19,"Thomas",1,NA
19,"Turner",1,NA
19,"Ware",1,NA
19,"White",1,NA
19,"Wilkes",1,NA
20,"Fulton",211,NA
20,"Unknown",166,NA
20,"Dougherty",156,NA
20,"Dekalb",129,NA
20,"Cobb",115,NA
20,"Bartow",86,NA
20,"Gwinnett",75,NA
20,"Carroll",50,NA
20,"Cherokee",38,NA
20,"Clayton",32,NA
20,"Lee",30,NA
20,"Henry",25,NA
20,"Clarke",24,NA
20,"Hall",21,NA
20,"Douglas",18,NA
20,"Floyd",16,NA
20,"Forsyth",15,NA
20,"Fayette",14,NA
20,"Coweta",12,NA
20,"Lowndes",12,NA
20,"Rockdale",12,NA
20,"Spalding",11,NA
20,"Columbia",10,NA
20,"Mitchell",10,NA
20,"Newton",10,NA
20,"Polk",10,NA
20,"Richmond",10,NA
20,"Troup",10,NA
20,"Chatham",9,NA
20,"Gordon",9,NA
20,"Houston",9,NA
20,"Bibb",8,NA
20,"Early",7,NA
20,"Laurens",7,NA
20,"Oconee",7,NA
20,"Paulding",7,NA
20,"Glynn",5,NA
20,"Muscogee",5,NA
20,"Peach",5,NA
20,"Sumter",5,NA
20,"Terrell",5,NA
20,"Tift",5,NA
20,"Whitfield",5,NA
20,"Worth",5,NA
20,"Barrow",4,NA
20,"Colquitt",4,NA
20,"Crisp",4,NA
20,"Lumpkin",4,NA
20,"Pickens",4,NA
20,"Bryan",3,NA
20,"Butts",3,NA
20,"Dawson",3,NA
20,"Effingham",3,NA
20,"Lamar",3,NA
20,"Monroe",3,NA
20,"Baldwin",2,NA
20,"Camden",2,NA
20,"Coffee",2,NA
20,"Decatur",2,NA
20,"Irwin",2,NA
20,"Jasper",2,NA
20,"Madison",2,NA
20,"Miller",2,NA
20,"Seminole",2,NA
20,"Tattnall",2,NA
20,"Turner",2,NA
20,"Twiggs",2,NA
20,"Washington",2,NA
20,"Baker",1,NA
20,"Ben Hill",1,NA
20,"Burke",1,NA
20,"Catoosa",1,NA
20,"Charlton",1,NA
20,"Chattooga",1,NA
20,"Clinch",1,NA
20,"Dodge",1,NA
20,"Fannin",1,NA
20,"Greene",1,NA
20,"Harris",1,NA
20,"Heard",1,NA
20,"Jackson",1,NA
20,"Jones",1,NA
20,"Liberty",1,NA
20,"Lincoln",1,NA
20,"Long",1,NA
20,"Macon",1,NA
20,"Meriwether",1,NA
20,"Morgan",1,NA
20,"Pierce",1,NA
20,"Pulaski",1,NA
20,"Randolph",1,NA
20,"Stephens",1,NA
20,"Taylor",1,NA
20,"Thomas",1,NA
20,"Toombs",1,NA
20,"Ware",1,NA
20,"White",1,NA
20,"Wilkes",1,NA
21,"Fulton",231,NA
21,"Unknown",178,NA
21,"Dougherty",164,NA
21,"Dekalb",137,NA
21,"Cobb",119,NA
21,"Bartow",93,NA
21,"Gwinnett",79,NA
21,"Carroll",52,NA
21,"Cherokee",44,NA
21,"Clayton",37,NA
21,"Clarke",29,NA
21,"Henry",29,NA
21,"Lee",29,NA
21,"Hall",22,NA
21,"Douglas",18,NA
21,"Floyd",17,NA
21,"Forsyth",15,NA
21,"Coweta",14,NA
21,"Fayette",14,NA
21,"Lowndes",14,NA
21,"Rockdale",13,NA
21,"Newton",12,NA
21,"Richmond",11,NA
21,"Spalding",11,NA
21,"Columbia",10,NA
21,"Mitchell",10,NA
21,"Polk",10,NA
21,"Troup",10,NA
21,"Chatham",9,NA
21,"Gordon",9,NA
21,"Houston",9,NA
21,"Bibb",8,NA
21,"Laurens",8,NA
21,"Early",7,NA
21,"Oconee",7,NA
21,"Paulding",7,NA
21,"Sumter",7,NA
21,"Tift",7,NA
21,"Glynn",6,NA
21,"Muscogee",6,NA
21,"Whitfield",6,NA
21,"Worth",6,NA
21,"Barrow",5,NA
21,"Peach",5,NA
21,"Terrell",5,NA
21,"Colquitt",4,NA
21,"Crisp",4,NA
21,"Lumpkin",4,NA
21,"Pickens",4,NA
21,"Bryan",3,NA
21,"Burke",3,NA
21,"Butts",3,NA
21,"Effingham",3,NA
21,"Irwin",3,NA
21,"Lamar",3,NA
21,"Lincoln",3,NA
21,"Madison",3,NA
21,"Meriwether",3,NA
21,"Monroe",3,NA
21,"Baldwin",2,NA
21,"Camden",2,NA
21,"Coffee",2,NA
21,"Dawson",2,NA
21,"Decatur",2,NA
21,"Jackson",2,NA
21,"Jasper",2,NA
21,"Miller",2,NA
21,"Randolph",2,NA
21,"Seminole",2,NA
21,"Tattnall",2,NA
21,"Turner",2,NA
21,"Twiggs",2,NA
21,"Ware",2,NA
21,"Washington",2,NA
21,"Baker",1,NA
21,"Ben Hill",1,NA
21,"Calhoun",1,NA
21,"Catoosa",1,NA
21,"Charlton",1,NA
21,"Chattooga",1,NA
21,"Clinch",1,NA
21,"Dodge",1,NA
21,"Fannin",1,NA
21,"Franklin",1,NA
21,"Greene",1,NA
21,"Haralson",1,NA
21,"Harris",1,NA
21,"Heard",1,NA
21,"Jones",1,NA
21,"Liberty",1,NA
21,"Long",1,NA
21,"Macon",1,NA
21,"Mcduffie",1,NA
21,"Morgan",1,NA
21,"Pierce",1,NA
21,"Pulaski",1,NA
21,"Stephens",1,NA
21,"Taylor",1,NA
21,"Thomas",1,NA
21,"Toombs",1,NA
21,"White",1,NA
21,"Wilkes",1,NA
22,"Fulton",307,NA
22,"Unknown",217,NA
22,"Dougherty",193,NA
22,"Dekalb",181,NA
22,"Cobb",144,NA
22,"Gwinnett",102,NA
22,"Bartow",98,NA
22,"Carroll",55,NA
22,"Cherokee",46,NA
22,"Clayton",46,NA
22,"Henry",40,NA
22,"Lee",35,NA
22,"Clarke",32,NA
22,"Douglas",27,NA
22,"Hall",24,NA
22,"Floyd",20,NA
22,"Coweta",19,NA
22,"Fayette",19,NA
22,"Forsyth",19,NA
22,"Lowndes",16,NA
22,"Rockdale",16,NA
22,"Newton",15,NA
22,"Mitchell",14,NA
22,"Gordon",12,NA
22,"Paulding",12,NA
22,"Richmond",11,NA
22,"Spalding",11,NA
22,"Tift",11,NA
22,"Troup",11,NA
22,"Bibb",10,NA
22,"Chatham",10,NA
22,"Columbia",10,NA
22,"Early",10,NA
22,"Oconee",10,NA
22,"Polk",10,NA
22,"Sumter",10,NA
22,"Houston",9,NA
22,"Muscogee",8,NA
22,"Laurens",7,NA
22,"Worth",7,NA
22,"Barrow",6,NA
22,"Glynn",6,NA
22,"Peach",6,NA
22,"Terrell",6,NA
22,"Whitfield",6,NA
22,"Bryan",4,NA
22,"Colquitt",4,NA
22,"Crisp",4,NA
22,"Effingham",4,NA
22,"Lumpkin",4,NA
22,"Pickens",4,NA
22,"Burke",3,NA
22,"Butts",3,NA
22,"Coffee",3,NA
22,"Irwin",3,NA
22,"Lamar",3,NA
22,"Lincoln",3,NA
22,"Madison",3,NA
22,"Meriwether",3,NA
22,"Monroe",3,NA
22,"Randolph",3,NA
22,"Thomas",3,NA
22,"Baldwin",2,NA
22,"Ben Hill",2,NA
22,"Calhoun",2,NA
22,"Camden",2,NA
22,"Dawson",2,NA
22,"Decatur",2,NA
22,"Fannin",2,NA
22,"Jackson",2,NA
22,"Jasper",2,NA
22,"Jones",2,NA
22,"Miller",2,NA
22,"Seminole",2,NA
22,"Tattnall",2,NA
22,"Turner",2,NA
22,"Twiggs",2,NA
22,"Upson",2,NA
22,"Ware",2,NA
22,"Washington",2,NA
22,"Baker",1,NA
22,"Catoosa",1,NA
22,"Charlton",1,NA
22,"Chattooga",1,NA
22,"Clinch",1,NA
22,"Dodge",1,NA
22,"Franklin",1,NA
22,"Greene",1,NA
22,"Habersham",1,NA
22,"Haralson",1,NA
22,"Harris",1,NA
22,"Heard",1,NA
22,"Liberty",1,NA
22,"Long",1,NA
22,"Macon",1,NA
22,"Mcduffie",1,NA
22,"Morgan",1,NA
22,"Pierce",1,NA
22,"Pulaski",1,NA
22,"Stephens",1,NA
22,"Taylor",1,NA
22,"Toombs",1,NA
22,"White",1,NA
22,"Wilkes",1,NA
23,"Fulton",347,12
23,"Dekalb",219,2
23,"Unknown",207,1
23,"Dougherty",203,13
23,"Cobb",163,5
23,"Gwinnett",121,1
23,"Bartow",107,1
23,"Carroll",61,0
23,"Clayton",53,1
23,"Cherokee",50,1
23,"Henry",44,1
23,"Lee",37,5
23,"Clarke",34,2
23,"Douglas",32,1
23,"Hall",30,0
23,"Floyd",26,1
23,"Fayette",22,2
23,"Forsyth",21,1
23,"Lowndes",20,1
23,"Coweta",19,2
23,"Rockdale",16,1
23,"Chatham",15,0
23,"Newton",15,0
23,"Mitchell",14,0
23,"Early",13,1
23,"Paulding",13,0
23,"Tift",13,0
23,"Gordon",12,1
23,"Bibb",11,0
23,"Richmond",11,0
23,"Spalding",11,0
23,"Houston",10,1
23,"Columbia",10,0
23,"Oconee",10,0
23,"Polk",10,0
23,"Sumter",10,0
23,"Troup",9,1
23,"Barrow",7,1
23,"Worth",7,1
23,"Glynn",7,0
23,"Laurens",7,0
23,"Muscogee",7,0
23,"Terrell",6,2
23,"Peach",6,0
23,"Whitfield",6,0
23,"Bryan",5,0
23,"Colquitt",5,0
23,"Pickens",4,1
23,"Crisp",4,0
23,"Effingham",4,0
23,"Lumpkin",4,0
23,"Upson",4,0
23,"Burke",3,0
23,"Butts",3,0
23,"Coffee",3,0
23,"Decatur",3,0
23,"Fannin",3,0
23,"Irwin",3,0
23,"Lincoln",3,0
23,"Madison",3,0
23,"Meriwether",3,0
23,"Miller",3,0
23,"Monroe",3,0
23,"Randolph",3,0
23,"Thomas",3,0
23,"Baldwin",2,0
23,"Ben Hill",2,0
23,"Calhoun",2,0
23,"Camden",2,0
23,"Dawson",2,0
23,"Jackson",2,0
23,"Jasper",2,0
23,"Jones",2,0
23,"Lamar",2,0
23,"Pulaski",2,0
23,"Seminole",2,0
23,"Stephens",2,0
23,"Tattnall",2,0
23,"Turner",2,0
23,"Twiggs",2,0
23,"Ware",2,0
23,"Washington",2,0
23,"Baker",1,1
23,"Heard",1,1
23,"Catoosa",1,0
23,"Charlton",1,0
23,"Chattahoochee",1,0
23,"Chattooga",1,0
23,"Clinch",1,0
23,"Dodge",1,0
23,"Franklin",1,0
23,"Greene",1,0
23,"Haralson",1,0
23,"Harris",1,0
23,"Hart",1,0
23,"Liberty",1,0
23,"Long",1,0
23,"Macon",1,0
23,"Mcduffie",1,0
23,"Morgan",1,0
23,"Pierce",1,0
23,"Taylor",1,0
23,"Toombs",1,0
23,"White",1,0
23,"Wilkes",1,0
24,"Fulton",373,12
24,"Dekalb",240,2
24,"Unknown",230,2
24,"Dougherty",205,13
24,"Cobb",181,8
24,"Gwinnett",129,1
24,"Bartow",116,1
24,"Carroll",64,0
24,"Clayton",57,1
24,"Cherokee",52,1
24,"Henry",50,1
24,"Lee",37,5
24,"Clarke",35,2
24,"Douglas",35,1
24,"Hall",31,0
24,"Floyd",27,1
24,"Fayette",25,2
24,"Forsyth",21,1
24,"Lowndes",20,1
24,"Coweta",19,2
24,"Paulding",19,0
24,"Rockdale",17,1
24,"Early",15,1
24,"Chatham",15,0
24,"Newton",15,0
24,"Gordon",14,1
24,"Mitchell",14,0
24,"Tift",13,0
24,"Houston",12,1
24,"Columbia",12,0
24,"Richmond",12,0
24,"Bibb",11,0
24,"Spalding",11,0
24,"Sumter",11,0
24,"Oconee",10,0
24,"Polk",10,0
24,"Troup",9,1
24,"Worth",8,1
24,"Muscogee",8,0
24,"Barrow",7,1
24,"Glynn",7,0
24,"Laurens",7,0
24,"Terrell",6,2
24,"Bryan",6,0
24,"Peach",6,0
24,"Thomas",6,0
24,"Whitfield",6,0
24,"Pickens",5,1
24,"Butts",5,0
24,"Colquitt",5,0
24,"Crisp",5,0
24,"Effingham",4,0
24,"Lumpkin",4,0
24,"Miller",4,0
24,"Upson",4,0
24,"Burke",3,0
24,"Coffee",3,0
24,"Decatur",3,0
24,"Fannin",3,0
24,"Irwin",3,0
24,"Lincoln",3,0
24,"Madison",3,0
24,"Meriwether",3,0
24,"Monroe",3,0
24,"Randolph",3,0
24,"Seminole",3,0
24,"Baldwin",2,0
24,"Ben Hill",2,0
24,"Calhoun",2,0
24,"Camden",2,0
24,"Dawson",2,0
24,"Franklin",2,0
24,"Jackson",2,0
24,"Jasper",2,0
24,"Jones",2,0
24,"Lamar",2,0
24,"Liberty",2,0
24,"Murray",2,0
24,"Pulaski",2,0
24,"Stephens",2,0
24,"Tattnall",2,0
24,"Turner",2,0
24,"Twiggs",2,0
24,"Walton",2,0
24,"Ware",2,0
24,"Washington",2,0
24,"Baker",1,1
24,"Heard",1,1
24,"Catoosa",1,0
24,"Charlton",1,0
24,"Chattahoochee",1,0
24,"Chattooga",1,0
24,"Clinch",1,0
24,"Dodge",1,0
24,"Greene",1,0
24,"Haralson",1,0
24,"Harris",1,0
24,"Hart",1,0
24,"Jenkins",1,0
24,"Long",1,0
24,"Macon",1,0
24,"Mcduffie",1,0
24,"Morgan",1,0
24,"Pierce",1,0
24,"Pike",1,0
24,"Taylor",1,0
24,"Toombs",1,0
24,"White",1,0
24,"Wilkes",1,0
25,"Fulton",378,13
25,"Dekalb",246,3
25,"Unknown",229,2
25,"Dougherty",224,17
25,"Cobb",185,9
25,"Gwinnett",131,1
25,"Bartow",117,1
25,"Carroll",64,0
25,"Clayton",57,1
25,"Cherokee",54,1
25,"Henry",50,1
25,"Lee",39,6
25,"Clarke",35,2
25,"Douglas",35,1
25,"Hall",31,0
25,"Floyd",27,1
25,"Fayette",26,3
25,"Forsyth",22,1
25,"Coweta",20,2
25,"Lowndes",20,1
25,"Paulding",20,0
25,"Rockdale",17,1
25,"Early",16,1
25,"Chatham",15,0
25,"Mitchell",15,0
25,"Newton",15,0
25,"Gordon",14,1
25,"Houston",13,1
25,"Sumter",13,1
25,"Bibb",13,0
25,"Tift",13,0
25,"Columbia",12,0
25,"Richmond",12,0
25,"Spalding",11,0
25,"Terrell",10,2
25,"Oconee",10,0
25,"Polk",10,0
25,"Troup",9,1
25,"Laurens",9,0
25,"Worth",8,1
25,"Muscogee",8,0
25,"Barrow",7,1
25,"Bryan",7,0
25,"Coffee",7,0
25,"Glynn",7,0
25,"Thomas",7,0
25,"Crisp",6,0
25,"Peach",6,0
25,"Whitfield",6,0
25,"Pickens",5,1
25,"Butts",5,0
25,"Colquitt",5,0
25,"Upson",5,0
25,"Ware",5,0
25,"Decatur",4,0
25,"Effingham",4,0
25,"Lumpkin",4,0
25,"Miller",4,0
25,"Burke",3,0
25,"Calhoun",3,0
25,"Catoosa",3,0
25,"Fannin",3,0
25,"Irwin",3,0
25,"Liberty",3,0
25,"Lincoln",3,0
25,"Madison",3,0
25,"Meriwether",3,0
25,"Monroe",3,0
25,"Pulaski",3,0
25,"Randolph",3,0
25,"Seminole",3,0
25,"Stephens",3,0
25,"Baldwin",2,0
25,"Ben Hill",2,0
25,"Camden",2,0
25,"Dawson",2,0
25,"Franklin",2,0
25,"Haralson",2,0
25,"Harris",2,0
25,"Jackson",2,0
25,"Jasper",2,0
25,"Jones",2,0
25,"Lamar",2,0
25,"Murray",2,0
25,"Pierce",2,0
25,"Tattnall",2,0
25,"Turner",2,0
25,"Twiggs",2,0
25,"Walton",2,0
25,"Washington",2,0
25,"Baker",1,1
25,"Heard",1,1
25,"Bulloch",1,0
25,"Charlton",1,0
25,"Chattahoochee",1,0
25,"Chattooga",1,0
25,"Clinch",1,0
25,"Dodge",1,0
25,"Greene",1,0
25,"Hart",1,0
25,"Jenkins",1,0
25,"Long",1,0
25,"Macon",1,0
25,"Mcduffie",1,0
25,"Morgan",1,0
25,"Pike",1,0
25,"Taylor",1,0
25,"Toombs",1,0
25,"Wheeler",1,0
25,"White",1,0
25,"Wilkes",1,0
26,"Fulton",407,12
26,"Dekalb",272,3
26,"Unknown",262,2
26,"Dougherty",239,17
26,"Cobb",222,9
26,"Gwinnett",143,1
26,"Bartow",119,1
26,"Carroll",64,0
26,"Clayton",59,1
26,"Cherokee",56,1
26,"Henry",55,1
26,"Lee",43,6
26,"Douglas",37,1
26,"Clarke",35,2
26,"Hall",32,0
26,"Floyd",27,2
26,"Fayette",26,3
26,"Forsyth",25,1
26,"Paulding",23,0
26,"Coweta",22,2
26,"Lowndes",20,1
26,"Rockdale",18,1
26,"Newton",17,0
26,"Early",16,1
26,"Houston",15,1
26,"Sumter",15,1
26,"Chatham",15,0
26,"Mitchell",15,0
26,"Gordon",14,1
26,"Bibb",13,0
26,"Tift",13,0
26,"Columbia",12,0
26,"Richmond",12,0
26,"Spalding",12,0
26,"Oconee",11,0
26,"Terrell",10,2
26,"Worth",10,1
26,"Polk",10,0
26,"Troup",9,1
26,"Laurens",9,0
26,"Coffee",8,0
26,"Glynn",8,0
26,"Muscogee",8,0
26,"Whitfield",8,0
26,"Barrow",7,1
26,"Bryan",7,0
26,"Thomas",7,0
26,"Peach",6,1
26,"Colquitt",6,0
26,"Crisp",6,0
26,"Pickens",5,1
26,"Butts",5,0
26,"Meriwether",5,0
26,"Upson",5,0
26,"Walton",5,0
26,"Ware",5,0
26,"Burke",4,0
26,"Decatur",4,0
26,"Effingham",4,0
26,"Lumpkin",4,0
26,"Miller",4,0
26,"Calhoun",3,0
26,"Catoosa",3,0
26,"Fannin",3,0
26,"Irwin",3,0
26,"Liberty",3,0
26,"Lincoln",3,0
26,"Madison",3,0
26,"Monroe",3,0
26,"Murray",3,0
26,"Pulaski",3,0
26,"Randolph",3,0
26,"Seminole",3,0
26,"Stephens",3,0
26,"Baldwin",2,0
26,"Ben Hill",2,0
26,"Camden",2,0
26,"Dawson",2,0
26,"Franklin",2,0
26,"Haralson",2,0
26,"Harris",2,0
26,"Jackson",2,0
26,"Jasper",2,0
26,"Jones",2,0
26,"Lamar",2,0
26,"Pierce",2,0
26,"Pike",2,0
26,"Tattnall",2,0
26,"Turner",2,0
26,"Twiggs",2,0
26,"Washington",2,0
26,"Baker",1,1
26,"Heard",1,1
26,"Bacon",1,0
26,"Brooks",1,0
26,"Bulloch",1,0
26,"Candler",1,0
26,"Charlton",1,0
26,"Chattahoochee",1,0
26,"Chattooga",1,0
26,"Clinch",1,0
26,"Dodge",1,0
26,"Greene",1,0
26,"Hart",1,0
26,"Jenkins",1,0
26,"Long",1,0
26,"Macon",1,0
26,"Mcduffie",1,0
26,"Morgan",1,0
26,"Taylor",1,0
26,"Toombs",1,0
26,"Wheeler",1,0
26,"White",1,0
26,"Wilkes",1,0
27,"Fulton",425,12
27,"Dekalb",273,3
27,"Dougherty",247,17
27,"Cobb",228,9
27,"Unknown",226,2
27,"Gwinnett",145,1
27,"Bartow",119,1
27,"Carroll",70,0
27,"Cherokee",60,1
27,"Clayton",59,1
27,"Henry",56,2
27,"Lee",43,6
27,"Douglas",38,1
27,"Clarke",35,2
27,"Hall",33,0
27,"Floyd",28,2
27,"Forsyth",28,1
27,"Fayette",27,3
27,"Coweta",23,2
27,"Paulding",23,0
27,"Lowndes",20,1
27,"Rockdale",18,1
27,"Newton",18,0
27,"Early",16,1
27,"Chatham",16,0
27,"Houston",15,1
27,"Sumter",15,1
27,"Mitchell",15,0
27,"Gordon",14,1
27,"Bibb",14,0
27,"Tift",13,0
27,"Columbia",12,0
27,"Laurens",12,0
27,"Richmond",12,0
27,"Spalding",12,0
27,"Oconee",11,0
27,"Terrell",10,2
27,"Troup",10,1
27,"Worth",10,1
27,"Coffee",10,0
27,"Polk",10,0
27,"Muscogee",9,0
27,"Whitfield",8,2
27,"Glynn",8,0
27,"Bryan",7,0
27,"Thomas",7,0
27,"Barrow",6,1
27,"Peach",6,1
27,"Colquitt",6,0
27,"Crisp",6,0
27,"Pickens",5,1
27,"Butts",5,0
27,"Meriwether",5,0
27,"Seminole",5,0
27,"Upson",5,0
27,"Ware",5,0
27,"Burke",4,0
27,"Dawson",4,0
27,"Decatur",4,0
27,"Effingham",4,0
27,"Lumpkin",4,0
27,"Miller",4,0
27,"Walton",4,0
27,"Calhoun",3,0
27,"Catoosa",3,0
27,"Fannin",3,0
27,"Harris",3,0
27,"Irwin",3,0
27,"Liberty",3,0
27,"Lincoln",3,0
27,"Madison",3,0
27,"Monroe",3,0
27,"Murray",3,0
27,"Pulaski",3,0
27,"Randolph",3,0
27,"Stephens",3,0
27,"Baldwin",2,0
27,"Ben Hill",2,0
27,"Camden",2,0
27,"Franklin",2,0
27,"Haralson",2,0
27,"Jackson",2,0
27,"Jasper",2,0
27,"Jones",2,0
27,"Lamar",2,0
27,"Pierce",2,0
27,"Pike",2,0
27,"Tattnall",2,0
27,"Toombs",2,0
27,"Turner",2,0
27,"Twiggs",2,0
27,"Washington",2,0
27,"Baker",1,1
27,"Heard",1,1
27,"Bacon",1,0
27,"Brooks",1,0
27,"Bulloch",1,0
27,"Candler",1,0
27,"Charlton",1,0
27,"Chattahoochee",1,0
27,"Chattooga",1,0
27,"Clinch",1,0
27,"Dodge",1,0
27,"Greene",1,0
27,"Hart",1,0
27,"Jenkins",1,0
27,"Long",1,0
27,"Macon",1,0
27,"Mcduffie",1,0
27,"Morgan",1,0
27,"Taylor",1,0
27,"Wheeler",1,0
27,"White",1,0
27,"Wilkes",1,0
28,"Fulton",463,14
28,"Dekalb",281,3
28,"Dougherty",267,17
28,"Cobb",245,9
28,"Unknown",164,0
28,"Gwinnett",158,1
28,"Bartow",121,1
28,"Carroll",81,0
28,"Cherokee",61,1
28,"Clayton",61,1
28,"Henry",58,2
28,"Lee",44,6
28,"Clarke",41,5
28,"Douglas",39,1
28,"Hall",34,0
28,"Forsyth",33,1
28,"Fayette",32,3
28,"Coweta",28,2
28,"Floyd",28,2
28,"Paulding",24,0
28,"Lowndes",20,1
28,"Tift",19,0
28,"Rockdale",18,1
28,"Newton",18,0
28,"Early",16,1
28,"Houston",16,1
28,"Sumter",16,1
28,"Chatham",16,0
28,"Gordon",15,1
28,"Bibb",15,0
28,"Mitchell",15,0
28,"Richmond",13,0
28,"Terrell",12,2
28,"Columbia",12,0
28,"Laurens",12,0
28,"Muscogee",12,0
28,"Polk",12,0
28,"Spalding",12,0
28,"Troup",11,1
28,"Worth",11,1
28,"Oconee",11,0
28,"Coffee",10,0
28,"Glynn",10,0
28,"Barrow",7,2
28,"Peach",7,1
28,"Whitfield",7,1
28,"Bryan",7,0
28,"Thomas",7,0
28,"Pickens",6,1
28,"Colquitt",6,0
28,"Crisp",6,0
28,"Meriwether",6,0
28,"Butts",5,0
28,"Calhoun",5,0
28,"Dawson",5,0
28,"Decatur",5,0
28,"Seminole",5,0
28,"Upson",5,0
28,"Ware",5,0
28,"Burke",4,0
28,"Effingham",4,0
28,"Harris",4,0
28,"Lamar",4,0
28,"Liberty",4,0
28,"Lumpkin",4,0
28,"Miller",4,0
28,"Walton",4,0
28,"Baldwin",3,1
28,"Camden",3,0
28,"Catoosa",3,0
28,"Fannin",3,0
28,"Franklin",3,0
28,"Greene",3,0
28,"Haralson",3,0
28,"Irwin",3,0
28,"Lincoln",3,0
28,"Madison",3,0
28,"Monroe",3,0
28,"Murray",3,0
28,"Pulaski",3,0
28,"Randolph",3,0
28,"Stephens",3,0
28,"Turner",3,0
28,"Ben Hill",2,0
28,"Hart",2,0
28,"Jackson",2,0
28,"Jasper",2,0
28,"Jones",2,0
28,"Pierce",2,0
28,"Pike",2,0
28,"Tattnall",2,0
28,"Toombs",2,0
28,"Twiggs",2,0
28,"Washington",2,0
28,"Baker",1,1
28,"Heard",1,1
28,"Bacon",1,0
28,"Banks",1,0
28,"Berrien",1,0
28,"Brooks",1,0
28,"Bulloch",1,0
28,"Candler",1,0
28,"Charlton",1,0
28,"Chattahoochee",1,0
28,"Chattooga",1,0
28,"Clinch",1,0
28,"Cook",1,0
28,"Dodge",1,0
28,"Dooly",1,0
28,"Gilmer",1,0
28,"Jenkins",1,0
28,"Long",1,0
28,"Macon",1,0
28,"Mcduffie",1,0
28,"Mcintosh",1,0
28,"Morgan",1,0
28,"Schley",1,0
28,"Taylor",1,0
28,"Warren",1,0
28,"Wheeler",1,0
28,"White",1,0
28,"Wilkes",1,0
29,"Fulton",503,16
29,"Dekalb",294,3
29,"Dougherty",278,18
29,"Cobb",250,11
29,"Gwinnett",178,2
29,"Bartow",125,1
29,"Unknown",114,0
29,"Carroll",97,1
29,"Cherokee",69,1
29,"Henry",68,2
29,"Clayton",62,2
29,"Clarke",47,5
29,"Lee",44,6
29,"Douglas",43,1
29,"Fayette",42,3
29,"Coweta",37,2
29,"Forsyth",36,1
29,"Hall",34,0
29,"Floyd",31,2
29,"Rockdale",29,2
29,"Houston",26,2
29,"Paulding",26,0
29,"Newton",22,0
29,"Lowndes",21,1
29,"Terrell",20,2
29,"Early",20,1
29,"Chatham",19,2
29,"Tift",19,0
29,"Sumter",17,2
29,"Glynn",17,0
29,"Richmond",17,0
29,"Mitchell",16,1
29,"Bibb",16,0
29,"Gordon",15,1
29,"Troup",15,1
29,"Columbia",14,0
29,"Muscogee",14,0
29,"Polk",14,0
29,"Spalding",14,0
29,"Laurens",13,0
29,"Worth",12,1
29,"Oconee",12,0
29,"Coffee",10,0
29,"Barrow",9,2
29,"Whitfield",8,1
29,"Crisp",8,0
29,"Peach",7,1
29,"Bryan",7,0
29,"Colquitt",7,0
29,"Dawson",7,0
29,"Seminole",7,0
29,"Thomas",7,0
29,"Pickens",6,1
29,"Butts",6,0
29,"Calhoun",6,0
29,"Decatur",6,0
29,"Meriwether",6,0
29,"Miller",5,0
29,"Upson",5,0
29,"Walton",5,0
29,"Ware",5,0
29,"Burke",4,0
29,"Camden",4,0
29,"Effingham",4,0
29,"Franklin",4,0
29,"Haralson",4,0
29,"Harris",4,0
29,"Liberty",4,0
29,"Lincoln",4,0
29,"Lumpkin",4,0
29,"Murray",4,0
29,"Baldwin",3,1
29,"Madison",3,1
29,"Ben Hill",3,0
29,"Catoosa",3,0
29,"Chattooga",3,0
29,"Dooly",3,0
29,"Fannin",3,0
29,"Greene",3,0
29,"Irwin",3,0
29,"Lamar",3,0
29,"Monroe",3,0
29,"Pulaski",3,0
29,"Randolph",3,0
29,"Stephens",3,0
29,"Turner",3,0
29,"Appling",2,0
29,"Dodge",2,0
29,"Hart",2,0
29,"Jackson",2,0
29,"Jasper",2,0
29,"Jones",2,0
29,"Mcduffie",2,0
29,"Pierce",2,0
29,"Pike",2,0
29,"Tattnall",2,0
29,"Taylor",2,0
29,"Toombs",2,0
29,"Twiggs",2,0
29,"Warren",2,0
29,"Washington",2,0
29,"Wilkes",2,0
29,"Baker",1,1
29,"Heard",1,1
29,"Bacon",1,0
29,"Banks",1,0
29,"Berrien",1,0
29,"Bleckley",1,0
29,"Brooks",1,0
29,"Bulloch",1,0
29,"Candler",1,0
29,"Charlton",1,0
29,"Chattahoochee",1,0
29,"Clay",1,0
29,"Clinch",1,0
29,"Cook",1,0
29,"Dade",1,0
29,"Gilmer",1,0
29,"Jeff Davis",1,0
29,"Jefferson",1,0
29,"Jenkins",1,0
29,"Johnson",1,0
29,"Long",1,0
29,"Macon",1,0
29,"Mcintosh",1,0
29,"Morgan",1,0
29,"Schley",1,0
29,"Talbot",1,0
29,"Wheeler",1,0
29,"White",1,0
